{"is_source_file": true, "format": "Python", "description": "This file is a FastAPI application setup for a backend API. It creates an instance of FastAPI, adds CORS middleware to handle cross-origin requests, and defines a health check endpoint at the root path.", "external_files": ["fastapi", "fastapi.middleware.cors"], "external_methods": ["fastapi.FastAPI", "fastapi.middleware.cors.CORSMiddleware"], "published": ["app"], "classes": [], "methods": [{"name": "health_check()", "description": "A simple endpoint that returns a JSON message indicating the service health.", "scope": "", "scopeKind": ""}], "calls": ["CORSMiddleware", "app.add_middleware", "app.get"], "search-terms": ["FastAPI", "CORS", "health check endpoint", "main.py"], "state": 2, "file_id": 4, "knowledge_revision": 9, "git_revision": "c920376c5411db00843eb324a09d03875bc04246", "ctags": [{"_type": "tag", "name": "app", "path": "/home/kavia/workspace/code-generation/simple-notes-app-318457-318466/notes_backend/src/api/main.py", "pattern": "/^app = FastAPI()$/", "language": "Python", "kind": "variable"}, {"_type": "tag", "name": "health_check", "path": "/home/kavia/workspace/code-generation/simple-notes-app-318457-318466/notes_backend/src/api/main.py", "pattern": "/^def health_check():$/", "language": "Python", "kind": "function", "signature": "()"}], "hash": "58352bf5f133908bab16643199aa483d", "format-version": 4, "code-base-name": "notes_backend", "filename": "notes_backend/src/api/main.py", "fields": [{"name": "app = FastAPI()", "scope": "", "scopeKind": "", "description": "unavailable"}], "revision_history": [{"9": "c920376c5411db00843eb324a09d03875bc04246"}]}